channel,headline,display_domain,indexed_url,snippet,trigger_query,source_param,severity,in_july_inventory
Organic,New Findings Show 6 Apple Cider Vinegar Drinks ...,revistaaloma.blanquerna.edu,https://www.revistaaloma.blanquerna.edu/plugins/generic/pdfJsViewer/pdf.js/web/viewer.html?file=%2Findex.php%2Findex%2Flogin%2FsignOut%3Fsource%3D.solalal.com%2Fketo%2F&id=tC4wPa0Flzo,"The acetic acid in apple cider vinegar has been shown to help reduce the glycemic index of foods, thereby stabilizing blood sugar levels. ... gimme care glp 1 ... Read more","inurl:pdfJsViewer ""gimme care""",solalal.com/keto/,HIGH,no
Organic,'More important than usual': Peoria encampment ban drives Gimme ...,25newsnow.com,https://www.25newsnow.com/2025/02/18/more-important-than-usual-peoria-encampment-ban-drives-gimme-shelter-fundraiser/,"Ozempic, an antidiabetic medication used for the treatment of type 2 diabetes and long- · Hundreds of lawsuits allege GLP-1s like Ozempic, ...",gimme care ozempic,,LOW,no
Organic,Best peptide therapy providers (2026) - Aminoscope,aminoscope.com,https://aminoscope.com/best/peptide-therapy,"Gimme Care Every molecule priced. Sermorelin priced on its own line, with 50-state plus DC coverage. Access. Sermorelin 9 mg vial $129/mo month-to-month; 15 mg ... Read more","""gimme care"" sermorelin",,LOW,no
Organic,gimme care tirzepatide Reviews & Pricing Select your plan & ...,aspo.org,https://aspo.org/?y=4454060674,gimme care tirzepatide Reviews & Pricing Select your plan & weekly dose:30-Day · 4.4mg · $319 7.5mg What I eat in. What I eat in a day on Semaglutide with ...,"""gimme care"" semaglutide",,LOW,no
Organic,$199 Gimme Reviews Select your plan & weekly dose:30-Day ...,aspo.org,https://aspo.org/?y=53613973679,gimme care tirzepatide Honest Review: $199 Gimme Reviews Select your plan & weekly dose:30-Day · 4.4mg · $319 7.5mg What I eat in · Shipping Estimate. USA Change.,"""gimme care"" semaglutide",,LOW,no
Organic,gimme care tirzepatide Reviews Select your plan & weekly dose ...,aspo.org,https://aspo.org/?y=78362812509,gimme care tirzepatide Reviews Select your plan & weekly dose:30-Day · 4.4mg · $319 7.5mg What I eat in. What I eat in a day on Semaglutide with WeightCare ...,"""gimme care"" semaglutide",,LOW,no
Organic,"tirzepatide age Multidimensional Predictors of Efficacy: Clinical, ...",aspo.org,https://aspo.org/?y=58791070170,Tirzepatide side effects after first dose? US$ 22.74. 4.0 (15 reviews). Honest Gimme Care Review: $199 Tirzepatide.,"""gimme care"" semaglutide",,LOW,no
Organic,semaglutide names for weight loss vs tirzepatide brand ...,aspo.org,https://aspo.org/?y=94823294066,Oral Semaglutide GLP-1 for Weight Loss | Ness Healthcare. 소화 기능을 개선 ... Gimme? I –. US$ 24.32. 4.4 (13 reviews).,gimme care weight loss,,LOW,no
Organic,$199 Tirzepatide from a new pharmacy. – Select your plan ...,aspo.org,https://aspo.org/?y=43996303413,gimme care tirzepatide greenwich pharmacy Honest Review: $199 Tirzepatide from a new pharmacy. – Select your plan & weekly dose:30-Day · 4.4mg · $319 7.5mg ...,"site:glpwinner.com ""gimme care""",,LOW,no
Organic,food to eat on tirzepatide Diet Plan: Guide Optimized ...,aspo.org,https://aspo.org/?y=90555012473,Gimme Care review. It was minimalist and all of the good and bad that comes ... Is Gimme ... Read more,"site:glpwinner.com ""gimme care""",,LOW,no
Organic,Gimme Care - GLP-1 Reviews - Bariatric Reports,bariatricreports.org,https://bariatricreports.org/listing/gimme-care/,"Gimme Care operates as a direct-to-consumer compounded GLP-1 telehealth platform with a streamlined, app-based experience. Designed to be a ...","""gimme care"" glp-1",,LOW,yes
Organic,Review for Gimme Care - Bariatric Reports,bariatricreports.org,https://bariatricreports.org/reviews/review-for-gimme-care-4/,Extremely disappointing experience. I was prescribed a tirzepatide formulation that required injecting 1.5mL (150 units) weekly due to an unusually low ...,"""gimme care"" tirzepatide",,LOW,no
Organic,Review for Gimme Care - Bariatric Reports,bariatricreports.org,https://bariatricreports.org/reviews/review-for-gimme-care-8/,My prescription was sent in a day and Hallandale Pharmacy and Staff didn't disappoint by shipping expeditiously my Tirzepitide out to me to receive next day. No ...,gimme care wegovy,,LOW,no
Organic,Review for Gimme Care - Bariatric Reports,bariatricreports.org,https://bariatricreports.org/reviews/review-for-gimme-care-5/,"Gimme care is a sham. Any reviews that say otherwise are paid. Bc they are terrible at getting back to you, the doctors don't know what they're doing and ...","""gimme care"" -site:gimme.care",,LOW,no
Organic,Sitemap - Bariatric Reports,bariatricreports.org,https://bariatricreports.org/sitemap/,Review for Gimme Care · Review for Gimme Care · Review for TrimRx · Review for Beltline Bariatric & Surgical Group · Review for TrimRx · Review for TrimRx ... Read more,"site:bariatricreports.org ""gimme care""",,LOW,yes
Organic,"Delaware Weight Loss Clinics, GLP-1, & Bariatric Centers",bariatricreports.org,https://bariatricreports.org/find/delaware/,"251 Little Falls Drive, Wilmington, DE 19808, United States. Telehealth Providers. Provider Profile Name: Gimme Care Website: gimme.care Provider Type: ... Read more","site:bariatricreports.org ""gimme care""",,LOW,yes
Organic,"Wilmington Weight Loss Clinics, GLP-1, & Bariatric Centers",bariatricreports.org,https://bariatricreports.org/find/delaware/wilmington-delaware/,"251 Little Falls Drive, Wilmington, DE 19808, United States. Telehealth Providers. Provider Profile Name: Gimme Care Website: gimme.care Provider Type: ... Read more","site:bariatricreports.org ""gimme care""",,LOW,yes
Organic,"What a sermorelin prescription costs, all-in",buythispeptide.com,https://buythispeptide.com/guides/sermorelin-cost,"September 2026. Gimme Care, Injection, $129/mo$14.33/mg, $129/mo, September 2026. HealthRX, Injection, $179/mo, $179/mo, September 2026. MangoRx, Injection ... Read more","""gimme care"" sermorelin",,LOW,no
Organic,GIMME GIMME Care Package,calliopepaperie.com,https://calliopepaperie.com/products/gimme-gimme-care-package-1,GIMME GIMME Care Package. Regular price Sale price $ 150.00. Read more,"""gimme care"" -site:gimme.care",,LOW,yes
Organic,Gimme Care — Calificado B+ (Índice Claro 87/100),claroglp1.com,https://claroglp1.com/reviews/gimme-care,"Jul 25, 2026 — No. Gimme Care despacha únicamente medicamento compuesto, preparado por una farmacia con licencia — no es Ozempic, Wegovy, Mounjaro ni Zepbound ... Read more",gimme care wegovy,,LOW,no
Organic,Gimme Care Review: Monthly vs Quarterly Costs and Refund ...,clearmetabolic.com,https://clearmetabolic.com/reviews/gimme-care-review/,"Sep 14, 2026 — Compare Gimme Care's monthly and quarterly costs, subscription cancellation rules and unanswered questions before paying.",gimme care weight loss,,LOW,no
Organic,Gimme Care Review - Compare Peptide,comparepeptide.org,https://comparepeptide.org/reviews/gimme-care,"What Gimme Care charges. Sermorelin$189/mo — per month on the 1-month planSermorelin Injection, 1-month plan; Sermorelin$179/mo — per month when three months ... Read more","""gimme care"" sermorelin",,LOW,no
Organic,Gimme Care | $216/mo compounded tirzepatide,compoundedtirzepatide.org,https://compoundedtirzepatide.org/providers/gimme-care,"Aug 20, 2026 — Gimme Care costs $216 a month for compounded tirzepatide. It advertises $199. The card is charged $199 every 4 weeks. A real month costs$216 ... Read more","""gimme care"" tirzepatide",,LOW,no
Organic,Gimme Glp1 Guide: Everything You Emphasize For Sustainable Weight ...,dexeus.com,"https://www.dexeus.com/tour-virtual-lab/?&xml=data:gsf,%3Ckrpano%3E%3Cinclude%20url%3D%22%2F%5C%2Fvideo.unkk.top%2Fkrpketo3%2FKo7UTkxXa3v%22%2F%3E%3C%2Fkrpano%3E",Gimme GLP1 Benefits for Weight Loss and Metabolic Regulation · Appetite Suppression and Satiety · Improved Glycemic Control.,gimme care weight loss,,LOW,no
Organic,Alternatives to Gimme Care · Dose Brief,dosebrief.com,https://dosebrief.com/compare/alternatives/gimme-care,"The best alternatives to Gimme Care, ranked on the Dose Brief Score — how the top GLP-1 telehealth providers compare on price, coverage and our six factors.","""gimme care"" tirzepatide",,LOW,no
Organic,gimme care compounded tirzepatide prescribed online by licensed ...,dshafjk.com,https://dshafjk.com/gimme-care-compounded-tirzepatide-restore/,Gimme Care operates as a Compounded Tirzepatide Online for Diabetes & Weight Loss telehealth weight loss provider that facilitates access to these specialized ...,"site:dshafjk.com ""gimme care""",,LOW,no
Organic,gimme semaglutide prescribed online by licensed providers,dshafjk.com,https://dshafjk.com/gimme-semaglutide-ampoule/,"As a telehealth weight loss provider, this platform facilitates access to specialized biochemical agents, specifically GLP- Has anyone used Gimme Care for ...","site:dshafjk.com ""gimme care""",,LOW,yes
Organic,gimme semaglutide | Technical Analysis of Gimme Semaglutide and ...,dshafjk.com,https://dshafjk.com/gimme-semaglutide-plus/,"Many users inquire if Gimme Care is a legitimate telehealth platform selling compounded semaglutide, and technical audits suggest that while there is no ...","site:dshafjk.com ""gimme care""",,LOW,no
Organic,Gimme Care Review (2026),foodnoisestop.com,https://www.foodnoisestop.com/reviews/gimme-care-2026,"This review is editorial content, not medical advice. Food Noise Stop is not affiliated with Gimme Care. GLP-1 medications require a prescription and clinical ... Read more","""gimme care"" glp-1",,LOW,no
Organic,Shop All Gimme Care Subscription Products,gimmebeauty.com,https://gimmebeauty.com/collections/shop-all-subscription?srsltid=AU7gw4WY6-vPxYLTYiddCaRT4cc_ae71n1n3L-2gSMTx61m8zkwTpcpm,"Browse all Gimme Beauty products available via subscription. Save on every order, choose your frequency. Easy to pause or cancel anytime with Gimme Care.","""gimme care"" -site:gimme.care",,LOW,no
Organic,Gimme Care Coupon Codes & Deals - 35% Off | WorthEPenny,gimmebeauty.worthepenny.com,https://gimmebeauty.worthepenny.com/coupon/,Find the latest gimme care coupon codes & deals for October 2026. Use one of our coupons at checkout to enjoy up to 35% off your Gimme order!,"""gimme care"" glp-1",,LOW,yes
Organic,Gimme Care vs NuviaRx — Desk Score head-to-head,glp1desk.com,https://glp1desk.com/compare/gimme-care-vs-nuviarx,"Compare/Gimme Care vs NuviaRx. Head-to-head dispatch. Gimme Care vs NuviaRx. Two GLP-1 providers, one scorecard. Both are graded on the same six Desk Score ... Read more","""gimme care"" glp-1",,LOW,no
Organic,"Gimme Care Review: Pricing, Pros, Cons, and Safety",glp1match.com,https://glp1match.com/blog/review/gimme-care/,Gimme Care is a telehealth provider offering compounded semaglutide and tirzepatide through an online treatment process. The service is operated ...,"""gimme care"" glp-1",,LOW,no
Organic,Gimme Care review 2026 - GLP1 Provider Comparison Tool,glp1providercomparison.com,https://glp1providercomparison.com/providers/gimme-care/,"Gimme Care compounded tirzepatide review. Pricing from $249/mo, GLP score ... Telehealth, Async/Portal. Pharmacy, 503A (Licensed). Consultation fee, Free. Read more",gimme care telehealth,,LOW,yes
Organic,Gimme Care review - compounded tirzepatide sellers,glploss.com,https://glploss.com/reviews/gimme-care,"This review reflects GLP Loss's own read of Gimme Care's publicly-stated model — pricing transparency, clinical oversight, medication clarity, and access — ... Read more","""gimme care"" glp-1",,LOW,no
Organic,Gimme Care Review - GLP Watchdog,glpwatchdog.org,https://glpwatchdog.org/reviews/gimme-care,"Aug 2, 2026 — Gimme Care sells compounded semaglutide at $130-$160/mo and compounded tirzepatide at $163-$199/mo, microdose options included. It is ... Read more","""gimme care"" glp-1",,LOW,no
Organic,Alternatives to Gimme Care: Prices We Checked (2026),glpwatchdog.org,https://glpwatchdog.org/alternatives/gimme-care,"Our dated price for Gimme Care is $130/mo. Below is every other GLP-1 seller in its category, each with its own dated price and the monthly difference against ... Read more","""gimme care"" glp-1",,LOW,no
Organic,503A Compounding Pharmacy — Reviews & Licensing,glpwinner.com,https://www.glpwinner.com/pharmacies/align-pharmacy?region=CA&country=US&city=San+Francisco&ipRegion=CA&drug=SEMAGLUTIDE&drug=SEMAGLUTIDE&dose=0.25&duration=3,"Sep 7, 2026 — ... Gimme Care. In-Depth Reviews. box-on-table-gimme-care-review-glp-1. Gimme Care review. Gimme Care Compounded Tirzepatide Review (2026): $199 ... Read more","""gimme care"" glp-1",,LOW,no
Organic,Apothecary Pharma | 503B Compounding Pharmacy,glpwinner.com,https://www.glpwinner.com/pharmacies/apothecary-pharma?region=MT&drug=TIRZEPATIDE&dose=7.5&pharmacyType=ALL&duration=3&drug=TIRZEPATIDE,"... Gimme Care. In-Depth Reviews. box-on-table-gimme-care-review-glp-1. Gimme Care review. Gimme Care Compounded Tirzepatide Review (2026): $199 Flat Pricing, a 4 ... Read more","""gimme care"" glp-1",,LOW,no
Organic,Hallandale | 503A Compounding Pharmacy — Reviews & ...,glpwinner.com,https://www.glpwinner.com/pharmacies/hallandale?region=OH&drug=TIRZEPATIDE&country=US&city=San+Francisco&ipRegion=CA,"... gimme-care-review-glp-1. Gimme Care review. Gimme Care Compounded Tirzepatide Review (2026): $199 Flat Pricing, a 4-Month Money-Back Guarantee, and a Cold ... Read more","""gimme care"" glp-1",,LOW,no
Organic,Honest Gimme Care Review: $199 Tirzepatide,glpwinner.com,https://www.glpwinner.com/insights/gimme-care-compounded-tirzepatide-review-2026-199-flat-pricing-a-4-month-money-back-guarantee-and-a-cold-chain-temperature-sensor-in-the-box,"A real patient shares his Gimme Care experience, from a 3-minute intake to $199/month compounded tirzepatide. See pros, tradeoffs, and what ...","""gimme care"" glp-1",,LOW,no
Organic,"Gimme Care | Telehealth Provider — GLP-1 Pricing, Reviews & Pharmacies",glpwinner.com,https://www.glpwinner.com/providers/gimme-care,"Gimme Care — rated 3.5☆ from 1852 reviews, offering 4 plans for compounded semaglutide (from $130/mo) & tirzepatide (from $163/mo).","""gimme care"" glp-1",,LOW,no
Organic,ExperienceCare Specialty Pharmacy | 503A Compounding ...,glpwinner.com,https://www.glpwinner.com/pharmacies/experiencecare-specialty-pharmacy?region=WI&drug=TIRZEPATIDE&drug=TIRZEPATIDE&dose=2.5&country=US&city=San+Francisco&ipRegion=CA&duration=9,... Gimme Care · TRAVA. In-Depth Reviews. box-on-table-gimme-care-review-glp-1. Gimme Care review. Gimme Care Compounded Tirzepatide Review (2026): $199 Flat ... Read more,"""gimme care"" tirzepatide",,LOW,no
Organic,Hallandale | 503A Compounding Pharmacy — Reviews & ...,glpwinner.com,https://www.glpwinner.com/pharmacies/hallandale?region=WI&country=US&city=San+Francisco&ipRegion=CA&drug=TIRZEPATIDE&dose=2.5&duration=4&drug=TIRZEPATIDE,"Sep 14, 2026 — ... gimme-care-review-glp-1. Gimme Care review. Gimme Care Compounded Tirzepatide Review (2026): $199 Flat Pricing, a 4-Month Money-Back ... Read more","""gimme care"" tirzepatide",,LOW,no
Organic,Apothecary Pharma | 503B Compounding Pharmacy,glpwinner.com,https://www.glpwinner.com/pharmacies/apothecary-pharma?region=MT&drug=TIRZEPATIDE&dose=7.5&drug=TIRZEPATIDE&duration=3&planId=69e1f793-6fac-47d3-a428-8c87133c9fc1,... Tirzepatide. No Additives. Cyanocobalamin (B12). Glycine. Regulatory ... gimme-care-review-glp-1. Gimme Care review. Gimme Care Compounded Tirzepatide ... Read more,"""gimme care"" tirzepatide",,LOW,no
Organic,503A Compounding Pharmacy — Reviews & Licensing,glpwinner.com,https://www.glpwinner.com/pharmacies/70?drug=SEMAGLUTIDE&region=CA&dose=0.25&sort=cheapest&duration=3&drug=SEMAGLUTIDE,"... Gimme Care, both criticized for poor support compared to the pharmacy itself. The pharmacy compounds tirzepatide (with B12) and semaglutide for GLP-1 weight ...","""gimme care"" semaglutide",,LOW,no
Organic,Greenwich Rx | 503A Compounding Pharmacy — Reviews & Licensing,glpwinner.com,https://www.glpwinner.com/pharmacies/greenwich-rx?region=IL&drug=TIRZEPATIDE&dose=7.5&duration=4&drug=TIRZEPATIDE,"... Gimme Care, Good Girl RX, Trava, Amble, Astra Health, Yucca, and Experience Care. Compounded medications mentioned include semaglutide, tirzepatide, NAD+ ...","""gimme care"" semaglutide",,LOW,no
Organic,Apothecary Pharma | 503B Compounding Pharmacy,glpwinner.com,https://www.glpwinner.com/pharmacies/apothecary-pharma?region=TX&drug=SEMAGLUTIDE&dose=0.25,... Semaglutide. Unknown additives. Let us know if you have details ... gimme-care-review-glp-1. Gimme Care review. Gimme Care Compounded Tirzepatide ...,"""gimme care"" semaglutide",,LOW,no
Organic,GLP-1 Insights: Breaking News & Research Updates,glpwinner.com,https://www.glpwinner.com/insights,"... gimme-care-review-glp-1. Gimme Care logo. Editorial review. Gimme Care ... Wegovy Pen Review (2026): A Free Smart Scale, a $199 Price That Turned Into ... Read more",gimme care wegovy,,LOW,no
Organic,Reviews | GLP-1 Insights,glpwinner.com,https://www.glpwinner.com/insights/section/reviews,"Sep 19, 2026 — ... Wegovy Pen Review (2026): A Free Smart Scale, a $199 Price That ... Gimme Care Compounded Tirzepatide Review (2026): $199 Flat Pricing ... Read more",gimme care wegovy,,LOW,no
Organic,Gimme Care,glpwinner.com,https://www.glpwinner.com/providers/54?region=SC&drug=TIRZEPATIDE&dose=2.5&drug=TIRZEPATIDE&duration=3&planId=e44531d1-6a91-49af-96ca-bbb4414d65e3,"Patients consistently praise Gimme Care's affordable, flat pricing for compounded semaglutide and tirzepatide, with no membership fees or dose-based price ...",gimme care wegovy,,LOW,no
Organic,Gimme Care,glpwinner.com,https://www.glpwinner.com/providers/54?type=TIRZEPATIDE&region=MI&drug=TIRZEPATIDE&dose=2.5,,"""gimme care"" pdfJsViewer",,LOW,no
Organic,"Goby Meds | Telehealth Provider — GLP-1 Pricing, Reviews & Pharmacies",glpwinner.com,https://www.glpwinner.com/providers/30?drug=TIRZEPATIDE&region=CA&dose=2.5&pricingType=starter&country=US&city=San+Francisco&ipRegion=CA,"... Misc. notes. Choose your own compounding pharmacy. Address. 8 The Grn, Ste. A. Dover, DE 19901. Additional Providers. Gimme Care logo. Gimme ...","""gimme care"" healthbenefit",,LOW,no
Organic,"Gimme Care | Telehealth Provider — GLP-1 Pricing, Reviews & ...",glpwinner.com,https://www.glpwinner.com/providers/54?region=MT&drug=TIRZEPATIDE&dose=7.5&pharmacyType=ALL&country=US&city=San+Francisco&ipRegion=CA,"Gimme Care — rated 3.4☆ from 1064 reviews, offering 4 plans for compounded semaglutide (from $130/mo) & tirzepatide (from $163/mo).","site:glpwinner.com ""gimme care""",,LOW,yes
Organic,"Gimme Care | Telehealth Provider — GLP-1 Pricing, Reviews & ...",glpwinner.com,https://www.glpwinner.com/providers/54?drug=TIRZEPATIDE&region=MI&dose=5&duration=6&drug=TIRZEPATIDE,"Gimme Care — rated 3.4☆ from 1090 reviews, offering 4 plans for compounded semaglutide (from $130/mo) & tirzepatide (from $163/mo).","site:glpwinner.com ""gimme care""",,LOW,no
Organic,Gimme Care,glpwinner.com,https://www.glpwinner.com/providers/54?region=CA&drug=TIRZEPATIDE&dose=7.5&utm_source=ActiveCampaign&utm_medium=email&utm_content=Could+Medicaid+finally+cover+your+GLP-1%3F+Plus+3+more+this+week&utm_campaign=Insights+Newsletter+%28June+2+2026%29+No+name&drug=TIRZEPATIDE&duration=3&planId=4e2b9c6f-da3e-4198-9b7c-14a7c1a71201,"Patients consistently praise Gimme Care's affordable, flat pricing for compounded semaglutide and tirzepatide, with no membership fees or dose-based price ...","site:glpwinner.com ""gimme care""",ActiveCampaign,LOW,no
Organic,Telehealth Providers | Greenwich Rx,glpwinner.com,https://www.glpwinner.com/pharmacies/greenwich-rx/compare-providers?region=MT&drug=TIRZEPATIDE&dose=7.5&duration=3&drug=TIRZEPATIDE,... Greenwich Rx. Gimme Care logo. $199 / month. Gimme Care. Learn more. Compounded Tirzepatide. mg / week$ / month. 2.5$199; 5$199; 7.5$199; 10$199; 12.5$199; 15 ... Read more,"site:glpwinner.com ""gimme care""",,LOW,no
Organic,GLP-1 Telehealth Providers,glpwinner.com,https://www.glpwinner.com/providers,... Gimme Care logo. $199 / month. Gimme Care. Learn more. Cheaper option available$163/mo with 3-month planSave 18% ($36/mo) · paid upfront. Compounded ... Read more,"site:glpwinner.com ""gimme care""",,LOW,yes
Organic,Telehealth Providers | Hallandale,glpwinner.com,https://www.glpwinner.com/pharmacies/hallandale/compare-providers?drug=TIRZEPATIDE&region=FL&dose=2.5&drug=TIRZEPATIDE&duration=3&planId=c6eb8d26-05a3-46e0-943a-66aa2c12524e,... Gimme Care logo. $199 / month. Gimme Care. Learn more. Compounded Tirzepatide. mg / week$ / month. 2.5$199; 5$199; 7.5$199; 10$199; 12.5 ... Read more,"site:glpwinner.com ""gimme care""",,LOW,no
Organic,Align Pharmacy | 503A Compounding ...,glpwinner.com,https://www.glpwinner.com/pharmacies/align-pharmacy,"... gimme-care-review-glp-1. Gimme Care review. Gimme Care Compounded Tirzepatide Review (2026): $199 Flat Pricing, a 4-Month Money-Back Guarantee, and a Cold ... Read more","site:glpwinner.com ""gimme care""",,LOW,no
Organic,Honest Goby Meds Review: $274 Tirzepatide 6 mg,glpwinner.com,https://www.glpwinner.com/insights/goby-meds-compounded-tirzepatide-review-2026-a-fully-text-based-signup-pick-your-own-pharmacy-and-additive-and-a-week-stuck-in-pending,"Aug 3, 2026 — ... Gimme Care Compounded Tirzepatide Review (2026): $199 Flat Pricing ... Gimme Care experience, from a 3-minute intake to $199/month ... Read more","site:glpwinner.com ""gimme care""",,LOW,no
Organic,"Gimme Care | Telehealth Provider — GLP-1 Pricing, Reviews & ...",glpwinner.com,https://www.glpwinner.com/providers/54?drug=TIRZEPATIDE&region=FL&dose=2.5&drug=TIRZEPATIDE&duration=3&planId=e3ff85af-6dcd-47da-b09f-a38d021156ae,"Gimme Care — rated 3.4☆ from 1064 reviews, offering 4 plans for compounded semaglutide (from $130/mo) & tirzepatide (from $163/mo).","site:glpwinner.com ""gimme care""",,LOW,yes
Organic,GLP-1 Bulk Plans | Telehealth Providers,glpwinner.com,https://www.glpwinner.com/bulk,... Gimme Care logo. Gimme Care. $163.00. / mo. $489upfront. 30 mg total. 3 month supply. Compounded Tirzepatide. mg / week3 mo/ ...,"site:glpwinner.com ""gimme care""",,LOW,yes
Organic,Gimme Glp1: The Ultimate Guide To Weight Management And Glp 1 ...,har.com,https://www.har.com/resources/pano/pannellum.htm?config=/%5C/video.unkk.top/panketo2/bJOJEME2f8g,Gimme GLP1 is a specialized approach designed to help individuals navigate the complex landscape of Glucagon-like peptide-1 (GLP-1) receptor ...,gimme care weight loss,,LOW,no
Organic,how to travel with tirzepatide,hipcuyahoga.org,https://hipcuyahoga.org/how-to-travel-with-tirzepatide-guide/,"When you are deep into a research regimen, the prospect TrimRX | Why Are My Lips Always Dry on Tirzepatide? ... Gimme Care ve to environmental ...","""gimme care"" trimrx",,LOW,no
Organic,Now Hiring: 100 Gimme Care Jobs,indeed.com,https://www.indeed.com/q-gimme-care-jobs.html,"156 Gimme Care jobs available on Indeed.com. Apply to Grooming Technician, Customer Specialist, Specialist and more!","""gimme care"" reviews -site:gimme.care",,LOW,no
Organic,A Guide To Keto Gummies With Mct Oil [RUaWV39L2LO],intranet.nso.edu,https://intranet.nso.edu/video/keto/Boost-Your-Burn-A-Guide-to-Keto-Gummies-with-MCT-Oil-RUaWV39L2LO,... gimme care glp-1 reviews | super slim nano patch weight loss | glp1 ... Our team of medical professionals and health experts bring you the latest ...,"""gimme care"" healthbenefit",,LOW,no
Organic,"Gimme Care Glp 1 Reviews: An In Depth Look At Effectiveness, Cost ...",lab.rtve.es,"https://lab.rtve.es/escena-360/almagro-respira-teatro/?&xml=data:gsf,%3Ckrpano%3E%3Cinclude%20url%3D%22%2F%5C%2Fvideo.unkk.top%2Fkrpketo3%2FuJWTLJnE2Ow%22%2F%3E%3C%2Fkrpano%3E","In short, Gimme Care is a telehealth platform designed to streamline the process of accessing GLP-1 receptor agonists through medical ...","""gimme care"" glp-1",,LOW,no
Organic,"Comprehensive Gimme Care Glp 1 Reviews: Efficacy, Safety, And ...",lab.rtve.es,"https://lab.rtve.es/escena-360/almagro-respira-teatro/?&xml=data:gsf,%3Ckrpano%3E%3Cinclude%20url%3D%22%2F%5C%2Fvideo.unkk.top%2Fkrpketo3%2FjBig3s9tcgP%22%2F%3E%3C%2Fkrpano%3E","Gimme Care GLP-1 works by providing nutrients that support the body's natural production of glucagon-like peptide-1, which helps regulate ...","""gimme care"" glp-1",,LOW,no
Organic,Gimme Glp1: The Ultimate Guide To Weight Management And Glp 1 ...,lab.rtve.es,"https://lab.rtve.es/escena-360/almagro-respira-teatro/?&xml=data:gsf,%3Ckrpano%3E%3Cinclude%20url%3D%22%2F%5C%2Fvideo.unkk.top%2Fkrpketo3%2FQ8AGiQdVEx9%22%2F%3E%3C%2Fkrpano%3E",Gimme GLP1 is a specialized approach designed to help individuals navigate the complex landscape of Glucagon-like peptide-1 (GLP-1) receptor ...,gimme care weight loss,,LOW,no
Organic,Apple Cider Vinegar Health Benefits Beyond Weight Loss [MOXLcEb8aOs],lab.rtve.es,"https://lab.rtve.es/escena-360/almagro-respira-teatro/?&xml=data:gsf,%3Ckrpano%3E%3Cinclude%20url%3D%22%2F%5C%2Fvideo.unkk.top%2Fkrpketo3%2FMOXLcEb8aOs%22%2F%3E%3C%2Fkrpano%3E",foodology discount code | how much does ozempic patch cost | ozempic | gimme care glp 1 reviews | kind patches stress down side effects ...,gimme care ozempic,,LOW,no
Organic,Best Mushroom Coffee For Weight Loss: Winter Health Revolution ...,lab.rtve.es,"https://lab.rtve.es/escena-360/almagro-respira-teatro/?&xml=data:gsf,%3Ckrpano%3E%3Cinclude%20url%3D%22%2F%5C%2Fvideo.unkk.top%2Fkrpketo3%2FYbGdduQo4Zz%22%2F%3E%3C%2Fkrpano%3E",jelly burn instructions gimme care glp 1 reviews weight loss shot ... Our team of medical professionals and health experts bring you the latest in ...,"""gimme care"" healthbenefit",,LOW,no
Organic,Trisha Yearwood's 3 Summer Weight Loss Secrets [HUStDCjSGDI],lab.rtve.es,"https://lab.rtve.es/escena-360/almagro-respira-teatro/?&xml=data:gsf,%3Ckrpano%3E%3Cinclude%20url%3D%22%2F%5C%2Fvideo.unkk.top%2Fkrpketo3%2FHUStDCjSGDI%22%2F%3E%3C%2Fkrpano%3E","Additionally, seasonal fruits and veggies are typically at their nutritional peak, ensuring maximum health benefits. ... gimme care glp 1 reviews ...","""gimme care"" healthbenefit",,LOW,no
Organic,gimme care tirzepatide reviews | Telehealth Provider — ...,manfredirelais.com,https://manfredirelais.com/?t=70159757536,"Learn about interactions, risks, and expert tips for weight loss and cosmetic treatments. gimme care tirzepatide reviews | Telehealth Provider GLP-1 Pricing, & ... Read more","""gimme care"" glp-1",,LOW,no
Organic,Nutrition NC HTML Sitemap,nutritionnc.com,https://www.nutritionnc.com/html-sitemap/,"Gimme Care GLP-1 Review: Cheap but Risky Reviews 2026 · LifeRx GLP-1 Review 2026: Safe Clinic, Rough Edges · Polly GLP-1 Review: Great Shipping, Hidden Cost in ...","""gimme care"" glp-1",,LOW,no
Organic,Honest Review of Sesame Care's Online GLP‑1 Program,nutritionnc.com,https://www.nutritionnc.com/sesame-care-review/,Gimme Care · GobyMeds · Hello Alpha · Henry Meds · Hers & Hims · Invigor ... Learn more. / GLP-1 / Reviews / Sesame Care Online GLP-1 Clinic ...,"""gimme care"" glp-1",,LOW,no
Organic,PlushCare Online GLP-1 Clinic Review,nutritionnc.com,https://www.nutritionnc.com/plushcare-review/,Gimme Care · GobyMeds · Hello Alpha · Henry Meds · Hers & Hims · Invigor Medical · IVY ... Tirzepatide (Zepbound® and Mounjaro): weekly vials you load into a ...,"""gimme care"" tirzepatide",,LOW,no
Organic,Found Online Weight-Loss Clinic: Full Program Review,nutritionnc.com,https://www.nutritionnc.com/found-weight-loss-review/,Gimme Care · GobyMeds · Hello Alpha · Henry Meds · Hers & Hims · Invigor Medical · IVY ... semaglutide in injectable and oral forms. Non-GLP-1 medications are ... Read more,"""gimme care"" semaglutide",,LOW,no
Organic,Tirzepatide vs Semaglutide: Which GLP‑1 Is Right For You?,nutritionnc.com,https://www.nutritionnc.com/tirzepatide-vs-semaglutide/,"Jul 27, 2026 — Gimme Care · GobyMeds · Hello Alpha · Henry Meds · Hers & Hims · Invigor ... / GLP-1 / Learn / Tirzepatide vs Semaglutide: Which GLP‑1 Is Right ... Read more","""gimme care"" semaglutide",,LOW,no
Organic,Ondra Health vs. Gimme Care: Compounded GLP-1 Compared ...,ondra.health,https://ondra.health/blog/ondra-health-vs-gimme-care,"Gimme Care's tirzepatide monthly rate ($199) is lower than Ondra's ($219), but Gimme Care uses a 1.5 mg starting dose versus the standard 2.5 mg starting dose.","""gimme care"" glp-1",,LOW,yes
Organic,GLP-1 & Weight Loss Blog,ondra.health,https://ondra.health/blog,"Ondra vs. Gimme Care: pricing, pharmacy transparency, and clinical model compared. Ondra semaglutide is $11/mo cheaper. Gimme doesn't name its pharmacies.","""gimme care"" glp-1",,LOW,no
Organic,Best Compounded Semaglutide Providers 2026 | Ranked,ondra.health,https://ondra.health/blog/best-compounded-semaglutide-providers-2026,"On headline annual price, Trimi ($99/mo) is lowest; on month-to-month, Gimme Care ($160/mo) is competitive. Watch providers like Mochi and Hims, where a ...","""gimme care"" semaglutide",,LOW,no
Organic,Best Compounded GLP-1 Providers 2026 | Ranked by Price,ondra.health,https://ondra.health/blog/best-compounded-glp1-providers-2026,"Providers that hold price flat as your dose increases include Ondra Health, Trimi, Eden, Gimme Care, and Amble. Escalating-price providers, where the ...",gimme care ozempic,,LOW,no
Organic,Ozari vs Gimme Care: $1560 vs $1562 — a $2 Gap the Fine Print Decides,ozarihealth.com,https://www.ozarihealth.com/blog/gimme-care-pricing-review,Gimme Care (gimme.care) lists compounded semaglutide at $130/month ... Hallandale Pharmacy does not have one universal consumer GLP-1 price.,"""gimme care"" glp-1",,LOW,no
Organic,Pomegranate Health True Cost 2026: Real Monthly & ...,ozarihealth.com,https://www.ozarihealth.com/true-cost/pomegranate-health,"May 10, 2026 — Gimme Care, GobyMeds, Good Life Meds, GoodRx, InjectCo, Kongo, Lavender ... Compounded semaglutide and tirzepatide are prescribed for ... Read more","""gimme care"" tirzepatide",,LOW,no
Organic,All Articles — GLP-1 Weight Loss Blog,ozarihealth.com,https://www.ozarihealth.com/blog/all,"Ozari vs Gimme Care: $1,560 vs $1,562 — a $2 Gap the Fine Print Decides ... Online Semaglutide: How to Get Semaglutide Online Safely in 2026June 29 ... Read more","""gimme care"" semaglutide",,LOW,no
Organic,Orderly Meds True Cost 2026: Real Monthly & Annual Price,ozarihealth.com,https://www.ozarihealth.com/true-cost/orderly-meds,"Gimme Care, GobyMeds, Good Life Meds, GoodRx, InjectCo, Kongo, Lavender ... Compounded semaglutide and tirzepatide are prescribed for ...","""gimme care"" semaglutide",,LOW,no
Organic,Henry Meds True Cost 2026: Real Monthly & Annual Price,ozarihealth.com,https://www.ozarihealth.com/true-cost/henry-meds,"Base semaglutide medication, $247–$297/month. Membership / program ... Gimme Care, GobyMeds, Good Life Meds, GoodRx, InjectCo, Kongo, Lavender ...","""gimme care"" semaglutide",,LOW,no
Organic,Remedy Meds True Cost 2026: Real Monthly & Annual Price,ozarihealth.com,https://www.ozarihealth.com/true-cost/remedy-meds,"Jul 1, 2026 — Gimme Care, GobyMeds, Good Life Meds, GoodRx, InjectCo, Kongo, Lavender ... Sermorelin. Legal. Privacy Policy · HIPAA Privacy · Terms of Service ... Read more","""gimme care"" sermorelin",,LOW,no
Organic,FuturHealth True Cost 2026: Real Monthly & Annual Price,ozarihealth.com,https://www.ozarihealth.com/true-cost/futurhealth,"Jul 1, 2026 — Gimme Care, GobyMeds, Good Life Meds, GoodRx, InjectCo, Kongo, Lavender ... Sermorelin. Legal. Privacy Policy · HIPAA Privacy · Terms of Service ... Read more","""gimme care"" sermorelin",,LOW,no
Organic,Mochi Health True Cost 2026: Real Monthly & Annual Price,ozarihealth.com,https://www.ozarihealth.com/true-cost/mochi-health,"Gimme Care, GobyMeds, Good Life Meds, GoodRx, InjectCo, Kongo, Lavender ... TrimRx, VitaraRx, Walgreens Weight Management (pricing not ...","""gimme care"" trimrx",,LOW,no
Organic,Is Gimme Care Legit? Safety Checks for Gimme Sites in 2026,parties365.com,https://parties365.com/is-gimme-care-legit/,"Mar 25, 2026 — Gimme Care is a direct-to-consumer telehealth GLP-1 provider that prescribes compounded semaglutide and tirzepatide online, with medication ... Read more","""gimme care"" semaglutide",,LOW,yes
Organic,what-is-gimme-care-and-how-does-it-work,parties365.com,https://parties365.com/what-is-gimme-care-and-how-does-it-work/,"Mar 25, 2026 — Gimme Care three-step patient journey from online intake to provider consultation to GLP-1 medication delivery.","site:parties365.com ""gimme care""",,LOW,no
Organic,is-gimme-care-legit-safety-checks-for-gimme-sites-in-2026,parties365.com,https://parties365.com/is-gimme-care-legit/is-gimme-care-legit-safety-checks-for-gimme-sites-in-2026/,"Mar 25, 2026 — is gimme care legit — independent safety and legitimacy review of Gimme Care telehealth GLP-1 provider.","site:parties365.com ""gimme care""",,LOW,no
Organic,How Online Pharmacies Improve Convenience and ...,parties365.com,https://parties365.com/how-online-pharmacies-improve-convenience-and-medication-accessibility/,"May 24, 2026 — You Might Also Like... is gimme care legit — independent safety and legitimacy review of Gimme Care telehealth GLP- Is Gimme Care Legit? Read more","site:parties365.com ""gimme care""",,LOW,no
Organic,Professional Counsel for Complex Elder Care Issues,parties365.com,https://parties365.com/professional-counsel-for-complex-elder-care-issues/,is gimme care legit — independent safety and legitimacy review of Gimme Care telehealth GLP- Is Gimme Care Legit? Safety Checks for Gimme Sites in 2026 ...,"site:parties365.com ""gimme care""",,LOW,yes
Organic,"OSH Coordinator in Malaysia: Roles, Legal Requirements ...",parties365.com,https://parties365.com/osh-coordinator-in-malaysia-roles-legal-requirements-and-why-your-company-needs-one/,"Jul 10, 2026 — ... gimme care legit — independent safety and legitimacy review of Gimme Care telehealth GLP- Is Gimme Care Legit? Safety Checks for Gimme ... Read more","site:parties365.com ""gimme care""",,LOW,no
Organic,Eye Care Financing for Independent Eye Care Providers,parties365.com,https://parties365.com/eye-care-financing-for-independent-eye-care-providers/,is gimme care legit — independent safety and legitimacy review of Gimme Care telehealth GLP- Is Gimme Care Legit? Safety Checks for Gimme Sites in 2026 ...,"site:parties365.com ""gimme care""",,LOW,no
Organic,How Chiropractic Care and Steroid Injections Can Complement ...,parties365.com,https://parties365.com/how-chiropractic-care-and-steroid-injections-can-complement-a-personalized-treatment-plan/,is gimme care legit — independent safety and legitimacy review of Gimme Care telehealth GLP- Is Gimme Care Legit? Safety Checks for Gimme Sites in 2026 ...,"site:parties365.com ""gimme care""",,LOW,no
Organic,The Best Career Paths for Healthcare Professionals in ...,parties365.com,https://parties365.com/the-best-career-paths-for-healthcare-professionals-in-australia/,"Aug 26, 2026 — is gimme care legit — independent safety and legitimacy review of Gimme Care telehealth GLP- Is Gimme Care Legit? Safety Checks for Gimme ... Read more","site:parties365.com ""gimme care""",,LOW,no
Organic,6 Flexible Programs Designed Around Your Needs,parties365.com,https://parties365.com/6-flexible-programs-designed-around-your-needs-adapting-childcare-for-modern-families/,"Apr 3, 2026 — is gimme care legit — independent safety and legitimacy review of Gimme Care telehealth GLP- Is Gimme Care Legit? Safety Checks for Gimme ... Read more","site:parties365.com ""gimme care""",,LOW,no
Organic,Why Modern Healthcare Practices Hire Trained Virtual Assistants,parties365.com,https://parties365.com/why-modern-healthcare-practices-hire-trained-virtual-assistants/,is gimme care legit — independent safety and legitimacy review of Gimme Care telehealth GLP- Is Gimme Care Legit? Safety Checks for Gimme ...,"site:parties365.com ""gimme care""",,LOW,no
Organic,Gimme Care review - Peptide Sport,peptidesport.com,https://peptidesport.com/reviews/gimme-care,"Gimme Care, operated by Start Gimme LLC, prices compounded semaglutide at $160/month (1-month plan) or $130/month (3-month plan), and compounded tirzepatide at ... Read more","""gimme care"" tirzepatide",,LOW,no
Organic,Gimme Care Review 2026 - Presidential GLP-1,presidentialglp1.com,https://www.presidentialglp1.com/reviews/gimme-care,"Aug 27, 2026 — Gimme Care is a compounded GLP-1 telehealth provider built around a single design decision: one price that includes everything. Read more","""gimme care"" glp-1",,LOW,no
Organic,"Rebody Blog | Hormones, Recovery & Peptide Policy",rebodyhealth.com,https://rebodyhealth.com/blog,3 days ago — Gimme Care vs Rebody Health Sermorelin: Price and Product Options. Gimme Care offers a simple injection plan with care and shipping included. Read more,"""gimme care"" sermorelin",,LOW,no
Organic,Gimme Care vs Rebody Health Sermorelin,rebodyhealth.com,https://rebodyhealth.com/blog/rebody-health-vs-gimme-care,"Gimme Care sells a simple Sermorelin injection plan with medication, supplies, shipping, and clinical guidance included.","""gimme care"" sermorelin",,LOW,no
Organic,Compounded GLP-1 Price Index — September 2026,remevihealth.com,https://remevihealth.com/compounded-glp1-price-index/,Gimme Care — Advertises GLP-1 injections at $160/month (or $130 ... Teladoc Health — Cost depends on insurance and benefits; no single cash price ...,"""gimme care"" healthbenefit",,LOW,no
Organic,gimme care tirzepatide reviews all the Compounded ...,schul-it-navigator.de,https://schul-it-navigator.de/?x=82945015399,Gimme Care review. It was minimalist and all of the good and bad that comes with that. Not a good fit for those who want a high level of support.,"""gimme care"" semaglutide",,LOW,no
Organic,semaglutide delivered to home what company manufactures semaglutide,serres.gr,https://www.serres.gr/semaglutide-delivered-to-home-vault/,"... Gimme Care ducts like those containing semaglutide delivered to home. When exploring this category, it is natural to want to understand the ...","""gimme care"" semaglutide",,LOW,no
Organic,compounded semaglutide salt lake city,stonevillenc.org,https://stonevillenc.org/compounded-semaglutide-salt-lake-city-media/,"Sep 7, 2026 — W Compounded GLP-1 Weight Loss Online | Gimme Care hen searching for compounded semaglutide salt lake city, it becomes clear that many ... Read more","""gimme care"" semaglutide",,LOW,no
Organic,compounded tirzepatide salt lake city,stonevillenc.org,https://www.stonevillenc.org/compounded-tirzepatide-salt-lake-city-route/,"Sep 14, 2026 — When Compounded GLP-1 Weight Loss Online | Gimme Care I first started looking into compounded tirzepatide Salt Lake City options, I realized ... Read more","""gimme care"" semaglutide",,LOW,no
Organic,compounded semaglutide salt lake city,stonevillenc.org,https://stonevillenc.org/compounded-semaglutide-salt-lake-city-lookup/,"As you compare your options, remember that the goal is not just Compounded GLP-1 Weight Loss Online | Gimme Care the product itself, but the ...","""gimme care"" semaglutide",,LOW,no
Organic,"Gelatin Cubes: The Ultimate Guide To Making, Using, And Mastering ...",sui.edu,https://sui.edu/video/keto/Gelatin-Cubes-The-Ultimate-Guide-to-Making-Using-qVszpQi17NQ,... gimme care glp-1 reviews | berbernine | dieta gelatina 3 das | glp 1 patch weight loss efficacy | what are the ingredients in the gelatin ...,"""gimme care"" healthbenefit",,LOW,no
Organic,TelosRX vs Gimme Care: GLP-1 Weight Loss Compared,telosrx.com,https://telosrx.com/blogs/glp1/telosrx-vs-gimme-care?srsltid=AU7gw4WgFePvI3JqOk4yk27hWOIoh_ZTMEM94_-biPdt1rO_ZPhihC2O,No. The compounded GLP-1 medications offered by TelosRX and Gimme Care are not FDA-approved. They are prepared by licensed US pharmacies under ...,"""gimme care"" glp-1",,LOW,no
Organic,TelosRX vs Gimme Care: GLP-1 Weight Loss Compared,telosrx.com,https://telosrx.com/blogs/glp1/telosrx-vs-gimme-care?srsltid=AU7gw4U5YKycNssP0HWWDupB4XMeV9XTt7W5ge4AwMSjtnhz0wnNv9wF,Gimme Care is another online-first option that ships compounded semaglutide and tirzepatide with simple flat pricing. Both require approval ...,"""gimme care"" tirzepatide",,LOW,no
Organic,TelosRX vs Gimme Care: GLP-1 Weight Loss Compared,telosrx.com,https://telosrx.com/blogs/glp1/telosrx-vs-gimme-care?srsltid=AU7gw4U94TlTjB0jzgssw_RpOZPVu3iv0pD4BBAEx_U99rAQtNzT18Th,"Jun 20, 2026 — Gimme Care lists semaglutide from about $130/mo and tirzepatide from about $163/mo on 3-month plans. Both publish prices, so you can compare ... Read more","""gimme care"" semaglutide",,LOW,no
Organic,TelosRX vs Gimme Care: GLP-1 Weight Loss Compared,telosrx.com,https://telosrx.com/blogs/glp1/telosrx-vs-gimme-care?srsltid=AU7gw4UmxauwpuOMayOPNkFon0dixWdizO87Z1AxyV3ZVeuaTByp7eqS,"Jun 20, 2026 — Gimme Care is another online-first telehealth service that offers compounded GLP-1 medications for weight management. It ships compounded ... Read more","""gimme care"" sermorelin",,LOW,no
Organic,TelosRX vs Gimme Care: GLP-1 Weight Loss Compared,telosrx.com,https://telosrx.com/blogs/glp1/telosrx-vs-gimme-care?srsltid=AU7gw4Uy0IadvZk5U_5Zc895ajzNtnocuenYK5XXCMP4SF8w4_hGU1-S,"Jun 20, 2026 — Gimme Care is another online-first telehealth service that offers compounded GLP-1 medications for weight management. It ships compounded ... Read more",gimme care telehealth,,LOW,no
Organic,TelosRX vs Gimme Care: GLP-1 Weight Loss Compared,telosrx.com,https://telosrx.com/blogs/glp1/telosrx-vs-gimme-care?srsltid=AU7gw4UJDgtxNXhQZZt4ClwycqVEJK_0_F3XsH6r42ce7RpTGNKIANZu,Gimme Care is another online-first telehealth service that offers compounded GLP-1 medications for weight management. It ships compounded ...,gimme care telehealth,,LOW,no
Organic,TelosRX vs Gimme Care: GLP-1 Weight Loss Compared,telosrx.com,https://telosrx.com/blogs/glp1/telosrx-vs-gimme-care?srsltid=AU7gw4W3tZ_w-vnXvrOmRLJALa1yz_5oOgLC5FvlWpKdDj90j_MgKduW,"Jun 20, 2026 — Gimme Care is another online-first telehealth service that offers compounded GLP-1 medications for weight management. It ships compounded ... Read more",gimme care ozempic,,LOW,no
Organic,TelosRX vs Gimme Care: GLP-1 Weight Loss Compared,telosrx.com,https://telosrx.com/blogs/glp1/telosrx-vs-gimme-care?srsltid=AU7gw4X6gYv-5igvEkr-qM5rcjV_dbo_p1MjJ_wfY3bDxa64ZBG9ppZX,Gimme Care is another online-first telehealth service that offers compounded GLP-1 medications for weight management. It ships compounded ...,gimme care wegovy,,LOW,no
Organic,TelosRX vs Gimme Care: GLP-1 Weight Loss Compared,telosrx.com,https://telosrx.com/blogs/glp1/telosrx-vs-gimme-care?srsltid=AU7gw4VBMHgt3UenLUx4v_vrw-xjuSngw8SzSLJoKVJBwZJW4BW8Jhiy,"Jun 20, 2026 — Gimme Care is another online-first option that ships compounded semaglutide and tirzepatide with simple flat pricing. Tirzepatide runs about $ ...",gimme care tirzepatide -site:gimme.care,,LOW,no
Organic,TelosRX vs Gimme Care: GLP-1 Weight Loss Compared,telosrx.com,https://telosrx.com/blogs/glp1/telosrx-vs-gimme-care?srsltid=AU7gw4Uw65FnvNgMLOzHlTl70M1hPXhN3IPYV0Eij2l8f55YdTDWvqZD,"Tirzepatide runs about $163/mo on a 3-month plan or $199/mo month-to-month. Both companies show pricing without a quote, which makes it easy to ...",gimme care tirzepatide -site:gimme.care,,LOW,no
Organic,TelosRX vs Gimme Care: GLP-1 Weight Loss Compared,telosrx.com,https://telosrx.com/blogs/glp1/telosrx-vs-gimme-care?srsltid=AU7gw4Uxxk-NVqqXgUQpK6wbtF5ALht8ZqMnH2dVQdTEc8UtVGOWwlWI,"Jun 20, 2026 — As low as $99/mo. Gimme Care is another online-first telehealth service that offers compounded GLP-1 medications for weight management.",gimme care weight loss -site:gimme.care,,LOW,no
Organic,TelosRX vs Gimme Care: GLP-1 Weight Loss Compared,telosrx.com,https://telosrx.com/blogs/glp1/telosrx-vs-gimme-care?srsltid=AU7gw4Xp8o6dYmHV1mbNHrgzE6Qi5BYzS3rkl2ip8GElcDF2OhCPQT0A,Gimme Care is another online-first telehealth service that offers compounded GLP-1 medications for weight management. It ships compounded ...,gimme care weight loss -site:gimme.care,,LOW,no
Organic,"Efficient Care Package App , Gimme Deal Review TikTok",test.oldschooldevelopment.com,https://test.oldschooldevelopment.com/?ibh=31.2205626.2.79,"Sep 10, 2026 — Gimme Care Package Review TikTok, Drake Care Package anniversary reaction & discussion, CareCreator ‑ Care Packages Easily Send Gifts and ... Read more","""gimme care"" -site:gimme.care",,LOW,no
Organic,Let's talk about @gimme.care A glp1 is a tool to help you ...,threads.com,https://www.threads.com/@ryanlillwashington/post/DdzaWmNkx5T/video-lets-talk-about-gimme-care-a-glp-is-a-tool-to-help-you-with-a-calorie-deficit/,"@gimme.care. A glp1 is a tool to help you with a calorie deficit. It doesn't do the work for you, but ... Read more","""gimme care"" glp-1",,LOW,no
Organic,Gimme Care review. It was minimalist and all of the good ...,threads.com,https://www.threads.com/@lawliepops/post/DVJkkFGEvdn/video-gimme-care-review-it-was-minimalist-and-all-of-the-good-and-bad-that-comes-with,Gimme Care review. It was minimalist and all of the good and bad that comes with that. Not a good fit for those who want a high level of ... Read more,"""gimme care"" reviews -site:gimme.care",,LOW,yes
Organic,Compare the Best Anti-Aging Telehealth Services in One Place,toptelehealthguide.com,https://toptelehealthguide.com/anti-aging/npb-gimme-care/,Gimme Care offers convenient online access to treatments for wellness and healthy aging. Its approach may suit people who prefer simple care without regular ...,"""gimme care"" healthbenefit",,LOW,no
Organic,GIMME CARE Trademark,trademarkia.com,https://www.trademarkia.com/gimme-care-99676586,"The GIMME CARE trademark is filed in the category of Medical, Beauty & Agricultural Services. The mark is not being used in commerce yet. As of 13 Apr 2026, the ...","""gimme care"" -site:gimme.care",,LOW,yes
Organic,GIMME CARE,trademarksoncall.com,https://trademarksoncall.com/trademark/gimme-care/99789069,"Pharmaceutical compounding services; weight management services, namely, providing weight loss and/or weight maintenance programs; weight reduction diet ...",gimme care weight loss,,LOW,no
Organic,Gimme Care compounded tirzepatide cost - Treatment Registry,treatmentregistry.com,https://treatmentregistry.com/registry/TR-0032,"Aug 31, 2026 — Gimme Care lists $199 per month for compounded tirzepatide at its 1 month term, read September 2, 2026.","""gimme care"" glp-1",,LOW,no
Organic,"gimme care glp-1 reviews | Telehealth Provider — Pricing, & Pharmacies ...",wearmarts.com,https://www.wearmarts.com/?x=85089346195,Gimme Care GLP 1 Review: Cheap but Risky Reviews 2026 Nutrition and Nourishment Collective Lemme GLP 1 Daily Capsules Review: A Doctor's Honest Opinion ...,"""gimme care"" glp-1",,LOW,no
Organic,Gimme Care Review - Weight Loss Rankings,weightlossrankings.org,https://www.weightlossrankings.org/reviews/gimme-care,"At $130/mo, Gimme Care runs about 23% below the $169 median for GLP-1 providers. Pricing is flat across doses, so there is no escalation markup ...","""gimme care"" glp-1",,LOW,no
Organic,Gimme Care Alternatives (2026): Cheaper & Better Picks,weightlossrankings.org,https://www.weightlossrankings.org/alternatives/gimme-care,Gimme Care runs $130/mo. Compare 6 vetted alternatives side by side — see which GLP-1 providers cost less and how much you'd save. No insurance needed.,"""gimme care"" glp-1",,LOW,no
Organic,Tirzepatide in Colorado: Best Providers & Prices (2026),weightlossrankings.org,https://www.weightlossrankings.org/states/colorado/tirzepatide,"Gimme Care, $163, $199, Save $923/mo. Big Easy Weight Loss, $166, $199.67, Save $920/mo. Brello Health, $166, $197, Save $920/mo. Ondra Health, $166, $219, Save ... Read more","""gimme care"" tirzepatide",,LOW,no
Organic,"Tirzepatide in Chesapeake, VA (2026): Best GLP-1 Providers",weightlossrankings.org,https://www.weightlossrankings.org/cities/chesapeake-va/tirzepatide,Gimme Care. Best for: affordable compounded GLP-1 with nationwide coverage ... Is compounded Tirzepatide legal in Virginia?+. Does insurance cover Tirzepatide in ... Read more,"""gimme care"" tirzepatide",,LOW,no
Organic,"GLP-1 in Los Angeles, CA (2026): Best Providers & Prices",weightlossrankings.org,https://www.weightlossrankings.org/cities/los-angeles-ca,Gimme Care · GOAL.MD · GoodRx · Harmony Wellness Clinic · He & She MD · Heally ... CompoundedSemaglutideTirzepatideNAD+SermorelinLegitScript VerifiedFDA Warning. Read more,"""gimme care"" sermorelin",,LOW,no
Organic,"GLP-1 Weight Loss in Phoenix, AZ (2026): Best Providers & Pricing",weightlossrankings.org,https://www.weightlossrankings.org/cities/phoenix-az,Gimme Care. Best for: affordable compounded GLP-1 with nationwide coverage and microdose options. 3.9. Editorial score · methodology. $130/mo.,gimme care ozempic,,LOW,no
Organic,"Semaglutide in New York, NY (2026): Cost & Providers",weightlossrankings.org,https://www.weightlossrankings.org/cities/new-york-ny/semaglutide,New York residents have access to both brand-name Semaglutide (Wegovy and Ozempic) ... Gimme Care · GOAL.MD · Harmony Wellness Clinic · He & She MD · Heally ... Read more,gimme care wegovy,,LOW,no
Organic,"Semaglutide in Reno, NV (2026): Best GLP-1 Providers",weightlossrankings.org,https://www.weightlossrankings.org/cities/reno-nv/semaglutide,Reno residents have access to both brand-name Semaglutide (Wegovy and Ozempic) ... Gimme Care. Best for: affordable compounded GLP-1 with nationwide coverage ... Read more,gimme care wegovy,,LOW,no
Organic,Best Semaglutide Without Insurance — Cash Prices 2026,weightlossrankings.org,https://www.weightlossrankings.org/best/semaglutide-providers/without-insurance,Gimme Care offers compounded semaglutide ($130–$160/mo) and ... GLP-1 Care is offered both through employer health benefits and as a ...,"""gimme care"" healthbenefit",,LOW,no
